name,location,room_type,price
ハレクラニ沖縄,沖縄県／恩納村,2名,"55,788円～"
ザ・キャピトルホテル 東急,東京都／溜池山王駅・国会議事堂前駅直結,2名,"65,484円～"
箱根・強羅　佳ら久（オリックス ホテルズ＆リゾーツ）,神奈川県／強羅温泉,2名,"74,800円～"
The Okura Tokyo,東京都／虎ノ門,2名,"62,911円～"
宮古島来間リゾート　シーウッドホテル,沖縄県／来間島,2名,"17,420円～"
ホテル シギラミラージュ ビーチフロント,沖縄県／宮古島市,2名,"26,498円～"
パレスホテル東京,東京都／丸の内／大手町地下通路直結,2名,"89,769円～"
インターコンチネンタル横浜Pier 8,神奈川県／横浜,2名,"40,474円～"
熱海・伊豆山 佳ら久（オリックス ホテルズ＆リゾーツ）,静岡県／熱海・伊豆山,2名,"73,260円～"
品川プリンスホテル,東京都／品川駅（高輪口）より徒歩にて約2分,2名,"13,693円～"
宮古島来間リゾート　シーウッドホテル,沖縄県／来間島,2名,"17,420円～"
インターコンチネンタル横浜Pier 8,神奈川県／横浜,2名,"40,474円～"
ハレクラニ沖縄,沖縄県／恩納村,2名,"55,788円～"
ザ・キャピトルホテル 東急,東京都／溜池山王駅・国会議事堂前駅直結,2名,"65,484円～"
箱根・強羅　佳ら久（オリックス ホテルズ＆リゾーツ）,神奈川県／強羅温泉,2名,"74,800円～"
雲風々　- ufufu -,静岡県／伊豆・月ヶ瀬,2名,"80,730円～"
塩の湯温泉　蓮月（共立リゾート）,栃木県／塩原温泉,2名,"38,470円～"
ザ・ゲートホテル京都高瀬川 by HULIC,京都府／河原町,2名,"16,268円～"
グランドニッコー東京 台場,東京都／お台場,2名,"24,030円～"
MUNI KYOTO by 温故知新,京都府／嵐山,2名,"65,286円～"
箱根・強羅　佳ら久（オリックス ホテルズ＆リゾーツ）,神奈川県／強羅温泉,2名,"74,800円～"
熱海・伊豆山 佳ら久（オリックス ホテルズ＆リゾーツ）,静岡県／熱海・伊豆山,2名,"73,260円～"
雲風々　- ufufu -,静岡県／伊豆・月ヶ瀬,2名,"80,730円～"
ATAMI せかいえ,静岡県／熱海,2名,"74,382円～"
ふふ 箱根,神奈川県／箱根町,2名,"57,428円～"
ふふ 熱海,静岡県／熱海,2名,"85,140円～"
海石榴 つばき,神奈川県／湯河原,2名,"61,600円～"
ホテルグランバッハ熱海クレッシェンド,静岡県／熱海,2名,"82,500円～"
強羅花壇,神奈川県／箱根強羅温泉,2名,"129,366円～"
食べるお宿　浜の湯,静岡県／伊豆・稲取温泉,2名,"53,460円～"
ザ・キャピトルホテル 東急,東京都／溜池山王駅・国会議事堂前駅直結,2名,"65,484円～"
The Okura Tokyo,東京都／虎ノ門,2名,"62,911円～"
パレスホテル東京,東京都／丸の内／大手町地下通路直結,2名,"89,769円～"
品川プリンスホテル,東京都／品川駅（高輪口）より徒歩にて約2分,2名,"13,693円～"
シャングリ・ラ 東京,東京都／丸の内・東京駅隣接,2名,"109,094円～"
帝国ホテル 東京,東京都／日比谷,2名,"56,840円～"
グランドニッコー東京 台場,東京都／お台場,2名,"24,030円～"
ホテルニューオータニ,東京都／赤坂見附駅 徒歩3分,2名,"42,415円～"
ザ・プリンス パークタワー東京,東京都／都営三田線「芝公園駅」A4出口徒歩3分,2名,"37,084円～"
東京ドームホテル,東京都／水道橋駅 徒歩2分,2名,"21,918円～"
グランドメルキュール沖縄残波岬リゾート,沖縄県／中頭郡,2名,"18,542円～"
ホテルモントレ沖縄 スパ＆リゾート,沖縄県／恩納,2名,"18,620円～"
ハレクラニ沖縄,沖縄県／恩納村,2名,"55,788円～"
ザ・ブセナテラス,沖縄県／名護,2名,"42,690円～"
琉球ホテル＆リゾート 名城ビーチ,沖縄県／糸満市／那覇空港　車約20分,2名,"30,690円～"
オリエンタルホテル 沖縄リゾート&スパ,沖縄県／名護,2名,"17,978円～"
ジ・アッタテラス クラブタワーズ,沖縄県／恩納,2名,"60,860円～"
ホテル日航アリビラ　ヨミタンリゾート沖縄,沖縄県／読谷,2名,"14,840円～"
ホテル シギラミラージュ ビーチフロント,沖縄県／宮古島市,2名,"26,498円～"
HIYORIオーシャンリゾート沖縄,沖縄県／国頭郡恩納村,2名,"49,000円～"
"ROKU KYOTO, LXR Hotels & Resorts",京都府／京都市,2名,"96,686円～"
ホテルグランヴィア京都,京都府／JR京都駅直結,2名,"21,650円～"
ホテル カンラ 京都,京都府／京都駅周辺,2名,"19,710円～"
四条河原町温泉 空庭テラス京都 別邸,京都府／河原町,2名,"46,795円～"
ザ・ホテル青龍 京都清水（The Hotel Seiryu Kyoto Kiyomizu）,京都府／清水五条,2名,"89,566円～"
京都ブライトンホテル,京都府／京都御所より徒歩5分,2名,"17,010円～"
ザ・ゲートホテル京都高瀬川 by HULIC,京都府／河原町,2名,"16,268円～"
moksa,京都府／京都八瀬,2名,"23,256円～"
MUNI KYOTO by 温故知新,京都府／嵐山,2名,"65,286円～"
間人温泉　炭平,京都府／丹後半島,2名,"61,470円～"
インターコンチネンタル横浜Pier 8,神奈川県／横浜,2名,"40,474円～"
塩の湯温泉　蓮月（共立リゾート）,栃木県／塩原温泉,2名,"38,470円～"
横浜ロイヤルパークホテル,神奈川県／横浜・みなとみらい,2名,"15,750円～"
横浜ベイホテル東急,神奈川県／横浜・みなとみらい,2名,"14,896円～"
グランドメルキュール那須高原リゾート＆スパ,栃木県／那須郡,2名,"9,515円～"
ふふ 日光,栃木県／日光,2名,"63,360円～"
草津ナウリゾートホテル,群馬県／草津温泉,2名,"31,280円～"
那須別邸 回,栃木県／那須,2名,"98,508円～"
那須 無垢の音,栃木県／那須郡,2名,"26,264円～"
BOTANICAL POOL CLUB,千葉県／安房郡,2名,"42,637円～"
グランドメルキュール南房総リゾート＆スパ,千葉県／南房総市,2名,"12,390円～"
ハイアット リージェンシー 東京ベイ,千葉県／浦安,2名,"17,000円～"
moe-akala,千葉県／長生郡,2名,"147,000円～"
鴨川グランドホテル,千葉県／鴨川,2名,"19,437円～"
アパホテル＆リゾート〈東京ベイ幕張〉,千葉県／JR京葉線海浜幕張駅徒歩7分,2名,"7,840円～"
シェラトン・グランデ・トーキョーベイ・ホテル,千葉県／舞浜,"税込 23,400円～","23,400円～"
グランドニッコー東京ベイ　舞浜,千葉県／舞浜,2名,"21,952円～"
鴨川グランドタワー,千葉県／鴨川,2名,"12,648円～"
ホテル　エミオン　東京ベイ,千葉県／新浦安,2名,"17,444円～"
満ちてくる心の宿　吉夢,千葉県／鴨川市小湊,2名,"15,903円～"
熱海パールスターホテル,静岡県／熱海,2名,"53,612円～"
グランドメルキュール八ヶ岳リゾート＆スパ,山梨県／北杜市,2名,"12,430円～"
グランドメルキュール南房総リゾート＆スパ,千葉県／南房総市,2名,"12,390円～"
富士屋ホテル,神奈川県／宮ノ下,2名,"62,700円～"
万平ホテル,長野県／軽井沢,2名,"34,712円～"
草津ナウリゾートホテル,群馬県／草津温泉,2名,"31,280円～"
ISHINOYA　熱海　／　石のや　熱海,静岡県／熱海,2名,"38,808円～"
龍宮城スパ・ホテル三日月　富士見亭,千葉県／木更津,2名,"49,280円～"
伊豆ホテル リゾート＆スパ,静岡県／伊豆・熱川温泉,2名,"72,900円～"
フォレストヴィレッジ,山梨県／河口湖,2名,"60,258円～"
グランドメルキュール八ヶ岳リゾート＆スパ,山梨県／北杜市,2名,"12,430円～"
NASPAニューオータニ,新潟県／越後湯沢,2名,"13,328円～"
THE HIRAMATSU 軽井沢 御代田,長野県／軽井沢,2名,"63,270円～"
ロッテアライリゾート,新潟県／妙高,2名,"8,699円～"
あさま空山望,群馬県／北軽井沢,2名,"62,720円～"
万平ホテル,長野県／軽井沢,2名,"34,712円～"
Snow Peak FIELD SUITE SPA HEADQUARTERS,新潟県／三条市,2名,"25,584円～"
ふふ 軽井沢 -陽光の風-,長野県／北佐久郡,2名,"49,098円～"
ホテルグリーンプラザ上越,新潟県／樺野沢温泉,2名,"26,460円～"
森泊 -MORIHAKU-,長野県／軽井沢,2名,"45,276円～"
グランドニッコー東京ベイ　舞浜,千葉県／舞浜,2名,"21,952円～"
グランドメルキュール南房総リゾート＆スパ,千葉県／南房総市,2名,"12,390円～"
ハイアット リージェンシー 東京ベイ,千葉県／浦安,2名,"17,000円～"
ホテルニューオータニ幕張,千葉県／海浜幕張,2名,"11,390円～"
龍宮城スパ・ホテル三日月　富士見亭,千葉県／木更津,2名,"49,280円～"
シェラトン・グランデ・トーキョーベイ・ホテル,千葉県／舞浜,"税込 23,400円～","23,400円～"
THE　SHINRA　森羅,千葉県／館山市,2名,"41,980円～"
鴨川館,千葉県／鴨川,2名,"28,028円～"
浦安ブライトンホテル東京ベイ,千葉県／新浦安,2名,"20,970円～"
ホテルオークラ東京ベイ,千葉県／舞浜,2名,"23,824円～"
ISHINOYA　熱海　／　石のや　熱海,静岡県／熱海,2名,"38,808円～"
熱海・伊豆山 佳ら久（オリックス ホテルズ＆リゾーツ）,静岡県／熱海・伊豆山,2名,"73,260円～"
熱海パールスターホテル,静岡県／熱海,2名,"53,612円～"
あたみ石亭,静岡県／熱海,2名,"43,120円～"
南熱海網代山温泉　竹林庵みずの,静岡県／南熱海　網代山温泉,2名,"86,240円～"
横山大観ゆかりの宿 熱海 大観荘,静岡県／熱海,2名,"40,656円～"
ホテルハーヴェスト熱海伊豆山,静岡県／熱海市,2名,"46,060円～"
Rakuten STAY 熱海,静岡県／熱海市,2名,"22,056円～"
源泉湯宿　大成館（TAISEIKAN）,静岡県／熱海網代温泉,2名,"16,170円～"
熱海倶楽部迎賓館,静岡県／熱海,2名,"68,992円～"
ホテルグランヴィア京都,京都府／JR京都駅直結,2名,"21,650円～"
ホテル カンラ 京都,京都府／京都駅周辺,2名,"19,710円～"
四条河原町温泉 空庭テラス京都 別邸,京都府／河原町,2名,"46,795円～"
ザ・ホテル青龍 京都清水（The Hotel Seiryu Kyoto Kiyomizu）,京都府／清水五条,2名,"89,566円～"
京都ブライトンホテル,京都府／京都御所より徒歩5分,2名,"17,010円～"
ザ・ゲートホテル京都高瀬川 by HULIC,京都府／河原町,2名,"16,268円～"
ザ・サウザンド京都,京都府／京都駅前,2名,"30,668円～"
バンヤンツリー・東山 京都,京都府／京都市,2名,"158,270円～"
ホテルオークラ京都 岡崎別邸,京都府／左京区,2名,"34,164円～"
クロスホテル京都（オリックス ホテルズ＆リゾーツ）,京都府／京都市三条駅6番出口徒歩4分,2名,"18,742円～"
